Date,TZ,City,Code,Load,0
12/29/2020 00:00:00,EST,N.Y.C.,61761,4702.9917,4945.487457301948
12/29/2020 00:05:00,EST,N.Y.C.,61761,4690.962,4935.250851660248
12/29/2020 00:10:00,EST,N.Y.C.,61761,4665.756,4919.550181777431
12/29/2020 00:12:25,EST,N.Y.C.,61761,4642.6074,
12/29/2020 00:14:13,EST,N.Y.C.,61761,4629.555,
12/29/2020 00:15:00,EST,N.Y.C.,61761,4645.835,4943.639720722562
12/29/2020 00:20:00,EST,N.Y.C.,61761,4633.062,4912.882211792527
12/29/2020 00:25:00,EST,N.Y.C.,61761,4642.084,4884.486176571699
12/29/2020 00:30:00,EST,N.Y.C.,61761,4608.7783,4877.39181785483
12/29/2020 00:35:00,EST,N.Y.C.,61761,4583.6616,4890.607592251467
12/29/2020 00:40:00,EST,N.Y.C.,61761,4572.0474,4868.932396456345
12/29/2020 00:45:00,EST,N.Y.C.,61761,4552.0874,4840.502522039147
12/29/2020 00:50:00,EST,N.Y.C.,61761,4535.6074,4860.027222136941
12/29/2020 00:55:00,EST,N.Y.C.,61761,4531.594,4864.391765879798
12/29/2020 01:00:00,EST,N.Y.C.,61761,4517.5312,4944.7673751254715
12/29/2020 01:05:00,EST,N.Y.C.,61761,4484.057,4934.530769483772
12/29/2020 01:10:00,EST,N.Y.C.,61761,4457.1045,4919.288277223139
12/29/2020 01:15:00,EST,N.Y.C.,61761,4459.464,4943.72021257403
12/29/2020 01:20:00,EST,N.Y.C.,61761,4443.3745,4913.274000983418
12/29/2020 01:25:00,EST,N.Y.C.,61761,4441.7383,4882.777571793495
12/29/2020 01:30:00,EST,N.Y.C.,61761,4436.685,4875.654247177932
12/29/2020 01:35:00,EST,N.Y.C.,61761,4396.235,4887.733349295097
12/29/2020 01:40:00,EST,N.Y.C.,61761,4398.7363,4865.480801561762
12/29/2020 01:45:00,EST,N.Y.C.,61761,4383.848,4839.008365944488
12/29/2020 01:50:00,EST,N.Y.C.,61761,4385.8076,4858.0377161296965
12/29/2020 01:55:00,EST,N.Y.C.,61761,4370.377,4862.174850089274
12/29/2020 02:00:00,EST,N.Y.C.,61761,4368.5312,4734.715999508735
12/29/2020 02:05:00,EST,N.Y.C.,61761,4349.782,4724.0019584307975
12/29/2020 02:10:00,EST,N.Y.C.,61761,4336.999,4709.149743393355
12/29/2020 02:15:00,EST,N.Y.C.,61761,4324.3936,4736.443908648869
12/29/2020 02:20:00,EST,N.Y.C.,61761,4315.9854,4713.796114360339
12/29/2020 02:25:00,EST,N.Y.C.,61761,4317.946,4688.020192802807
12/29/2020 02:30:00,EST,N.Y.C.,61761,4306.0586,4685.011116531537
12/29/2020 02:35:00,EST,N.Y.C.,61761,4300.658,4695.414255551388
12/29/2020 02:40:00,EST,N.Y.C.,61761,4266.416,4685.994317864815
12/29/2020 02:45:00,EST,N.Y.C.,61761,4273.2764,4672.274906205919
12/29/2020 02:50:00,EST,N.Y.C.,61761,4274.5894,4694.023679034487
12/29/2020 02:55:00,EST,N.Y.C.,61761,4279.765,4697.902982982458
12/29/2020 03:00:00,EST,N.Y.C.,61761,4264.4824,4650.116363842993
12/29/2020 03:05:00,EST,N.Y.C.,61761,4277.824,4637.434072636252
12/29/2020 03:10:00,EST,N.Y.C.,61761,4277.3535,4627.522614002286
12/29/2020 03:15:00,EST,N.Y.C.,61761,4262.8447,4657.395875473154
12/29/2020 03:20:00,EST,N.Y.C.,61761,4262.2915,4631.244319789008
12/29/2020 03:25:00,EST,N.Y.C.,61761,4274.9326,4618.219889682073
12/29/2020 03:30:00,EST,N.Y.C.,61761,4284.492,4618.845271812407
12/29/2020 03:35:00,EST,N.Y.C.,61761,4298.1333,4630.967132825415
12/29/2020 03:40:00,EST,N.Y.C.,61761,4249.2188,4624.714553703392
12/29/2020 03:45:00,EST,N.Y.C.,61761,4273.8354,4613.1313042848615
12/29/2020 03:50:00,EST,N.Y.C.,61761,4257.869,4637.894848608879
12/29/2020 03:55:00,EST,N.Y.C.,61761,4267.2573,4642.44935442691
12/29/2020 04:00:00,EST,N.Y.C.,61761,4265.871,4613.037387174684
12/29/2020 04:05:00,EST,N.Y.C.,61761,4272.8145,4600.330668533075
12/29/2020 04:10:00,EST,N.Y.C.,61761,4276.683,4599.129643053862
12/29/2020 04:15:00,EST,N.Y.C.,61761,4275.297,4631.828996941449
12/29/2020 04:20:00,EST,N.Y.C.,61761,4274.3525,4615.101288815398
12/29/2020 04:25:00,EST,N.Y.C.,61761,4276.6274,4609.771090336157
12/29/2020 04:30:00,EST,N.Y.C.,61761,4282.2583,4615.129311104125
12/29/2020 04:35:00,EST,N.Y.C.,61761,4297.296,4634.451680565209
12/29/2020 04:40:00,EST,N.Y.C.,61761,4315.6724,4632.603804939647
12/29/2020 04:45:00,EST,N.Y.C.,61761,4300.4727,4619.408906674875
12/29/2020 04:50:00,EST,N.Y.C.,61761,4320.3755,4644.591269373401
12/29/2020 04:55:00,EST,N.Y.C.,61761,4348.337,4649.421967266071
12/29/2020 05:00:00,EST,N.Y.C.,61761,4329.365,4745.180012025132
12/29/2020 05:05:00,EST,N.Y.C.,61761,4337.293,4733.149928206581
12/29/2020 05:10:00,EST,N.Y.C.,61761,4389.51,4741.794708966139
12/29/2020 05:15:00,EST,N.Y.C.,61761,4407.365,4784.67734875212
12/29/2020 05:20:00,EST,N.Y.C.,61761,4430.558,4786.072339428076
12/29/2020 05:25:00,EST,N.Y.C.,61761,4448.42,4798.235746362394
12/29/2020 05:30:00,EST,N.Y.C.,61761,4461.672,4806.264262578543
12/29/2020 05:35:00,EST,N.Y.C.,61761,4483.189,4831.015000237268
12/29/2020 05:40:00,EST,N.Y.C.,61761,4492.5996,4839.451731973821
12/29/2020 05:45:00,EST,N.Y.C.,61761,4517.703,4819.136634931187
12/29/2020 05:50:00,EST,N.Y.C.,61761,4539.414,4829.573877052046
12/29/2020 05:55:00,EST,N.Y.C.,61761,4567.289,4834.641710294647
12/29/2020 06:00:00,EST,N.Y.C.,61761,4584.412,5004.571121728657
12/29/2020 06:05:00,EST,N.Y.C.,61761,4603.7754,5000.978885393777
12/29/2020 06:10:00,EST,N.Y.C.,61761,4691.4824,5006.750382262644
12/29/2020 06:15:00,EST,N.Y.C.,61761,4703.9976,5030.9778917221865
12/29/2020 06:20:00,EST,N.Y.C.,61761,4723.0376,5045.738807437412
12/29/2020 06:25:00,EST,N.Y.C.,61761,4771.39,5064.592530001006
12/29/2020 06:30:00,EST,N.Y.C.,61761,4785.2095,5066.815623512341
12/29/2020 06:35:00,EST,N.Y.C.,61761,4811.908,5092.469859878423
12/29/2020 06:40:00,EST,N.Y.C.,61761,4867.7686,5122.094814772152
12/29/2020 06:45:00,EST,N.Y.C.,61761,4875.6978,5123.573187184395
12/29/2020 06:50:00,EST,N.Y.C.,61761,4925.939,5136.731814333281
12/29/2020 06:55:00,EST,N.Y.C.,61761,4911.3125,5141.802938279236
12/29/2020 07:00:00,EST,N.Y.C.,61761,4958.6016,5315.922447843232
12/29/2020 07:05:00,EST,N.Y.C.,61761,5017.9004,5312.3302115083525
12/29/2020 07:10:00,EST,N.Y.C.,61761,5003.49,5318.261998397469
12/29/2020 07:15:00,EST,N.Y.C.,61761,5081.5415,5343.337021618753
12/29/2020 07:20:00,EST,N.Y.C.,61761,5058.727,5363.245660352604
12/29/2020 07:25:00,EST,N.Y.C.,61761,5082.1294,5382.892897154947
12/29/2020 07:30:00,EST,N.Y.C.,61761,5129.985,5395.9487146562515
12/29/2020 07:35:00,EST,N.Y.C.,61761,5119.6406,5415.617377033566
12/29/2020 07:40:00,EST,N.Y.C.,61761,5175.3145,5440.374617702841
12/29/2020 07:45:00,EST,N.Y.C.,61761,5234.588,5467.833671970457
12/29/2020 07:50:00,EST,N.Y.C.,61761,5191.359,5479.747716784657
12/29/2020 07:55:00,EST,N.Y.C.,61761,5238.8276,5485.406231973495
12/29/2020 08:00:00,EST,N.Y.C.,61761,5254.5083,5565.442681938432
12/29/2020 08:05:00,EST,N.Y.C.,61761,5284.777,5561.443655466939
12/29/2020 08:10:00,EST,N.Y.C.,61761,5368.5522,5562.829735194626
12/29/2020 08:15:00,EST,N.Y.C.,61761,5356.5493,5586.186547698404
12/29/2020 08:20:00,EST,N.Y.C.,61761,5402.9336,5607.175435838615
12/29/2020 08:25:00,EST,N.Y.C.,61761,5413.2637,5626.703792975859
12/29/2020 08:30:00,EST,N.Y.C.,61761,5406.5693,5643.8756073153745
12/29/2020 08:35:00,EST,N.Y.C.,61761,5447.2144,5663.798384405331
12/29/2020 08:40:00,EST,N.Y.C.,61761,5421.9546,5684.6606330862305
12/29/2020 08:45:00,EST,N.Y.C.,61761,5464.343,5707.4796864557175
12/29/2020 08:50:00,EST,N.Y.C.,61761,5465.412,5719.366799865382
12/29/2020 08:55:00,EST,N.Y.C.,61761,5480.868,5725.155797832649
12/29/2020 09:00:00,EST,N.Y.C.,61761,5485.8584,5715.274334921696
12/29/2020 09:05:00,EST,N.Y.C.,61761,5495.713,5711.275308450202
12/29/2020 09:10:00,EST,N.Y.C.,61761,5495.5947,5712.825890088807
12/29/2020 09:15:00,EST,N.Y.C.,61761,5546.394,5734.09664135644
12/29/2020 09:20:00,EST,N.Y.C.,61761,5536.61,5756.284781733077
12/29/2020 09:25:00,EST,N.Y.C.,61761,5557.06,5772.803621443994
12/29/2020 09:30:00,EST,N.Y.C.,61761,5570.3867,5776.172242178602
12/29/2020 09:35:00,EST,N.Y.C.,61761,5589.9277,5793.56505378516
12/29/2020 09:40:00,EST,N.Y.C.,61761,5600.041,5811.869276473461
12/29/2020 09:45:00,EST,N.Y.C.,61761,5588.6094,5833.086726400365
12/29/2020 09:50:00,EST,N.Y.C.,61761,5618.205,5813.40227616049
12/29/2020 09:55:00,EST,N.Y.C.,61761,5638.403,5819.592141359668
12/29/2020 10:00:00,EST,N.Y.C.,61761,5661.8203,5820.5052168057355
12/29/2020 10:05:00,EST,N.Y.C.,61761,5676.6094,5816.542782518291
12/29/2020 10:10:00,EST,N.Y.C.,61761,5695.437,5818.342302207082
12/29/2020 10:15:00,EST,N.Y.C.,61761,5687.0635,5840.024182289724
12/29/2020 10:20:00,EST,N.Y.C.,61761,5679.043,5859.307223868809
12/29/2020 10:25:00,EST,N.Y.C.,61761,5687.5,5873.132061157192
12/29/2020 10:30:00,EST,N.Y.C.,61761,5691.1924,5875.668703877862
12/29/2020 10:35:00,EST,N.Y.C.,61761,5708.6123,5891.393877530429
12/29/2020 10:40:00,EST,N.Y.C.,61761,5731.949,5902.377984651241
12/29/2020 10:45:00,EST,N.Y.C.,61761,5693.1797,5912.24408937471
12/29/2020 10:50:00,EST,N.Y.C.,61761,5701.6973,5893.459761604385
12/29/2020 10:55:00,EST,N.Y.C.,61761,5691.05,5900.697190310939
12/29/2020 11:00:00,EST,N.Y.C.,61761,5751.544,5861.027552109666
12/29/2020 11:05:00,EST,N.Y.C.,61761,5775.3345,5856.510750005034
12/29/2020 11:10:00,EST,N.Y.C.,61761,5733.5264,5856.603514559551
12/29/2020 11:15:00,EST,N.Y.C.,61761,5759.495,5872.55958156122
12/29/2020 11:20:00,EST,N.Y.C.,61761,5752.4487,5883.196700419225
12/29/2020 11:25:00,EST,N.Y.C.,61761,5755.9697,5896.957432308276
12/29/2020 11:30:00,EST,N.Y.C.,61761,5733.3276,5892.538835664256
12/29/2020 11:35:00,EST,N.Y.C.,61761,5765.28,5902.229726038964
12/29/2020 11:40:00,EST,N.Y.C.,61761,5781.3945,5908.8749929033875
12/29/2020 11:45:00,EST,N.Y.C.,61761,5775.4414,5914.973451563814
12/29/2020 11:50:00,EST,N.Y.C.,61761,5769.072,5889.123629460761
12/29/2020 11:55:00,EST,N.Y.C.,61761,5764.167,5890.3520189847895
12/29/2020 12:00:00,EST,N.Y.C.,61761,5748.9297,5881.542846116179
12/29/2020 12:05:00,EST,N.Y.C.,61761,5768.873,5877.632790750735
12/29/2020 12:10:00,EST,N.Y.C.,61761,5747.621,5868.458777938955
12/29/2020 12:15:00,EST,N.Y.C.,61761,5760.8413,5867.212452307584
12/29/2020 12:20:00,EST,N.Y.C.,61761,5757.884,5871.959685850006
12/29/2020 12:25:00,EST,N.Y.C.,61761,5778.6367,5849.598581912091
12/29/2020 12:30:00,EST,N.Y.C.,61761,5772.386,5841.252521416598
12/29/2020 12:35:00,EST,N.Y.C.,61761,5815.1973,5846.104096850009
12/29/2020 12:40:00,EST,N.Y.C.,61761,5793.81,5840.409091884869
12/29/2020 12:45:00,EST,N.Y.C.,61761,5792.212,5840.890928540399
12/29/2020 12:50:00,EST,N.Y.C.,61761,5803.0913,5831.192722670516
12/29/2020 12:55:00,EST,N.Y.C.,61761,5797.293,5832.672785125582
12/29/2020 13:00:00,EST,N.Y.C.,61761,5785.8486,5882.695662594944
12/29/2020 13:05:00,EST,N.Y.C.,61761,5775.411,5875.202796291231
12/29/2020 13:10:00,EST,N.Y.C.,61761,5805.702,5858.404908220842
12/29/2020 13:15:00,EST,N.Y.C.,61761,5826.3813,5835.109907579181
12/29/2020 13:20:00,EST,N.Y.C.,61761,5785.0527,5851.242372501731
12/29/2020 13:25:00,EST,N.Y.C.,61761,5837.2256,5845.354115627653
12/29/2020 13:30:00,EST,N.Y.C.,61761,5820.434,5841.310214744879
12/29/2020 13:35:00,EST,N.Y.C.,61761,5795.493,5855.528504116513
12/29/2020 13:40:00,EST,N.Y.C.,61761,5808.459,5856.734046323847
12/29/2020 13:45:00,EST,N.Y.C.,61761,5798.335,5854.7730359680645
12/29/2020 13:50:00,EST,N.Y.C.,61761,5803.4727,5867.674452310095
12/29/2020 13:55:00,EST,N.Y.C.,61761,5807.9395,5873.521101246757
12/29/2020 14:00:00,EST,N.Y.C.,61761,5801.876,5853.901074373069
12/29/2020 14:05:00,EST,N.Y.C.,61761,5803.4707,5847.198537929167
12/29/2020 14:10:00,EST,N.Y.C.,61761,5781.902,5830.400649858779
12/29/2020 14:15:00,EST,N.Y.C.,61761,5815.088,5811.853293093109
12/29/2020 14:20:00,EST,N.Y.C.,61761,5804.8145,5833.3877070880935
12/29/2020 14:25:00,EST,N.Y.C.,61761,5836.197,5834.176022208547
12/29/2020 14:30:00,EST,N.Y.C.,61761,5825.385,5836.212281335611
12/29/2020 14:35:00,EST,N.Y.C.,61761,5806.4424,5849.2004112196155
12/29/2020 14:40:00,EST,N.Y.C.,61761,5818.2017,5851.253834736515
12/29/2020 14:45:00,EST,N.Y.C.,61761,5851.097,5860.2387175103995
12/29/2020 14:50:00,EST,N.Y.C.,61761,5826.0107,5873.152133084381
12/29/2020 14:55:00,EST,N.Y.C.,61761,5861.377,5876.235476726977
12/29/2020 15:00:00,EST,N.Y.C.,61761,5851.9385,5869.840310912772
12/29/2020 15:05:00,EST,N.Y.C.,61761,5850.2373,5863.137774468871
12/29/2020 15:10:00,EST,N.Y.C.,61761,5858.9106,5846.777375605327
12/29/2020 15:15:00,EST,N.Y.C.,61761,5817.9536,5829.398295864592
12/29/2020 15:20:00,EST,N.Y.C.,61761,5882.055,5851.5674960753295
12/29/2020 15:25:00,EST,N.Y.C.,61761,5911.4873,5853.939870441616
12/29/2020 15:30:00,EST,N.Y.C.,61761,5920.1836,5859.936023522721
12/29/2020 15:35:00,EST,N.Y.C.,61761,5873.9336,5872.881994376265
12/29/2020 15:40:00,EST,N.Y.C.,61761,5907.573,5876.9968390007125
12/29/2020 15:45:00,EST,N.Y.C.,61761,5933.95,5888.624954791401
12/29/2020 15:50:00,EST,N.Y.C.,61761,5922.045,5899.447878514005
12/29/2020 15:55:00,EST,N.Y.C.,61761,5940.8066,5902.383975213603
12/29/2020 16:00:00,EST,N.Y.C.,61761,5934.708,5968.561191234869
12/29/2020 16:05:00,EST,N.Y.C.,61761,5946.587,5964.323769631112
12/29/2020 16:10:00,EST,N.Y.C.,61761,5954.078,5955.034086410935
12/29/2020 16:15:00,EST,N.Y.C.,61761,5968.665,5942.09971152779
12/29/2020 16:20:00,EST,N.Y.C.,61761,5986.6655,5965.516509424206
12/29/2020 16:25:00,EST,N.Y.C.,61761,5985.6016,5969.559315190398
12/29/2020 16:30:00,EST,N.Y.C.,61761,6010.6895,5977.105154782708
12/29/2020 16:35:00,EST,N.Y.C.,61761,6064.378,5992.862441796264
12/29/2020 16:40:00,EST,N.Y.C.,61761,6036.093,5997.892353204752
12/29/2020 16:45:00,EST,N.Y.C.,61761,6078.704,6007.375280995702
12/29/2020 16:50:00,EST,N.Y.C.,61761,6130.461,6013.267474564962
12/29/2020 16:55:00,EST,N.Y.C.,61761,6182.8613,6016.203571264559
12/29/2020 17:00:00,EST,N.Y.C.,61761,6188.695,6157.320853376672
12/29/2020 17:05:00,EST,N.Y.C.,61761,6216.392,6152.485193532044
12/29/2020 17:10:00,EST,N.Y.C.,61761,6226.556,6137.223567882102
12/29/2020 17:15:00,EST,N.Y.C.,61761,6234.192,6124.500421684084
12/29/2020 17:20:00,EST,N.Y.C.,61761,6269.4805,6146.1859310083
12/29/2020 17:25:00,EST,N.Y.C.,61761,6251.3135,6124.187749922779
12/29/2020 17:30:00,EST,N.Y.C.,61761,6295.6367,6122.176823747921
12/29/2020 17:35:00,EST,N.Y.C.,61761,6279.791,6132.716733000154
12/29/2020 17:40:00,EST,N.Y.C.,61761,6267.811,6141.0375926025645
12/29/2020 17:45:00,EST,N.Y.C.,61761,6280.1147,6142.047817840328
12/29/2020 17:50:00,EST,N.Y.C.,61761,6272.6123,6130.912165602285
12/29/2020 17:55:00,EST,N.Y.C.,61761,6261.92,6130.302078071925
12/29/2020 18:00:00,EST,N.Y.C.,61761,6282.535,6130.081301602097
12/29/2020 18:05:00,EST,N.Y.C.,61761,6253.8516,6124.969604309812
12/29/2020 18:10:00,EST,N.Y.C.,61761,6202.9805,6105.76107766829
12/29/2020 18:15:00,EST,N.Y.C.,61761,6205.8955,6090.263687382087
12/29/2020 18:20:00,EST,N.Y.C.,61761,6193.246,6101.558168035977
12/29/2020 18:25:00,EST,N.Y.C.,61761,6206.967,6072.114430625132
12/29/2020 18:30:00,EST,N.Y.C.,61761,6155.1777,6064.207232179322
12/29/2020 18:35:00,EST,N.Y.C.,61761,6153.9893,6064.469765672771
12/29/2020 18:40:00,EST,N.Y.C.,61761,6144.295,6071.801897428419
12/29/2020 18:45:00,EST,N.Y.C.,61761,6141.1465,6059.122450208713
12/29/2020 18:50:00,EST,N.Y.C.,61761,6140.5054,6049.61324266677
12/29/2020 18:55:00,EST,N.Y.C.,61761,6165.2607,6046.646187787119
12/29/2020 19:00:00,EST,N.Y.C.,61761,6112.311,6039.876228415178
12/29/2020 19:05:00,EST,N.Y.C.,61761,6135.4814,6034.764531122897
12/29/2020 19:10:00,EST,N.Y.C.,61761,6090.674,6014.048815572072
12/29/2020 19:15:00,EST,N.Y.C.,61761,6090.91,6015.845040202899
12/29/2020 19:20:00,EST,N.Y.C.,61761,6064.1616,6021.873086074225
12/29/2020 19:25:00,EST,N.Y.C.,61761,6054.6553,5984.10920975973
12/29/2020 19:30:00,EST,N.Y.C.,61761,6001.9346,5970.767750736217
12/29/2020 19:35:00,EST,N.Y.C.,61761,6039.907,5963.320422523297
12/29/2020 19:40:00,EST,N.Y.C.,61761,6040.259,5962.926346160277
12/29/2020 19:45:00,EST,N.Y.C.,61761,6012.291,5950.297053081065
12/29/2020 19:50:00,EST,N.Y.C.,61761,5986.6035,5935.89408848972
12/29/2020 19:55:00,EST,N.Y.C.,61761,6009.0137,5934.299855096544
12/29/2020 20:00:00,EST,N.Y.C.,61761,5950.917,5923.457876352146
12/29/2020 20:05:00,EST,N.Y.C.,61761,5959.3335,5918.21536084336
12/29/2020 20:10:00,EST,N.Y.C.,61761,5908.73,5893.604767717754
12/29/2020 20:15:00,EST,N.Y.C.,61761,5879.533,5891.079229116849
12/29/2020 20:20:00,EST,N.Y.C.,61761,5908.6445,5885.770367121973
12/29/2020 20:25:00,EST,N.Y.C.,61761,5908.6895,5844.295544663833
12/29/2020 20:30:00,EST,N.Y.C.,61761,5887.3145,5829.861441096538
12/29/2020 20:35:00,EST,N.Y.C.,61761,5848.7754,5822.013045431257
12/29/2020 20:40:00,EST,N.Y.C.,61761,5858.781,5817.776457850578
12/29/2020 20:45:00,EST,N.Y.C.,61761,5845.1777,5804.4714459392835
12/29/2020 20:50:00,EST,N.Y.C.,61761,5816.712,5790.640004972081
12/29/2020 20:55:00,EST,N.Y.C.,61761,5837.631,5789.2128820817015
12/29/2020 21:00:00,EST,N.Y.C.,61761,5797.5684,5790.7325161220815
12/29/2020 21:05:00,EST,N.Y.C.,61761,5774.0703,5785.490000613296
12/29/2020 21:10:00,EST,N.Y.C.,61761,5778.042,5761.331038368458
12/29/2020 21:15:00,EST,N.Y.C.,61761,5728.0806,5760.214080232403
12/29/2020 21:20:00,EST,N.Y.C.,61761,5711.577,5742.202508570588
12/29/2020 21:25:00,EST,N.Y.C.,61761,5707.7124,5699.989393236037
12/29/2020 21:30:00,EST,N.Y.C.,61761,5682.9634,5681.841461322363
12/29/2020 21:35:00,EST,N.Y.C.,61761,5670.079,5672.817178154655
12/29/2020 21:40:00,EST,N.Y.C.,61761,5645.473,5660.500353548925
12/29/2020 21:45:00,EST,N.Y.C.,61761,5635.9873,5643.204325213803
12/29/2020 21:50:00,EST,N.Y.C.,61761,5619.5747,5639.461835591461
12/29/2020 21:55:00,EST,N.Y.C.,61761,5633.5425,5636.87706999982
12/29/2020 22:00:00,EST,N.Y.C.,61761,5595.8564,5566.803203221607
12/29/2020 22:05:00,EST,N.Y.C.,61761,5549.444,5549.89470981954
12/29/2020 22:10:00,EST,N.Y.C.,61761,5494.013,5525.4674408084375
12/29/2020 22:15:00,EST,N.Y.C.,61761,5494.093,5508.222882883072
12/29/2020 22:20:00,EST,N.Y.C.,61761,5429.5933,5488.889816030725
12/29/2020 22:25:00,EST,N.Y.C.,61761,5431.6245,5441.023720261743
12/29/2020 22:30:00,EST,N.Y.C.,61761,5439.862,5419.476615567341
12/29/2020 22:35:00,EST,N.Y.C.,61761,5394.0933,5412.062873688794
12/29/2020 22:40:00,EST,N.Y.C.,61761,5380.7817,5394.728467998168
12/29/2020 22:45:00,EST,N.Y.C.,61761,5347.6196,5374.541588569609
12/29/2020 22:50:00,EST,N.Y.C.,61761,5308.214,5369.773598759901
12/29/2020 22:55:00,EST,N.Y.C.,61761,5305.3496,5367.73550361904
12/29/2020 23:00:00,EST,N.Y.C.,61761,5296.2446,5422.891201677476
12/29/2020 23:05:00,EST,N.Y.C.,61761,5243.5547,5404.653858437745
12/29/2020 23:10:00,EST,N.Y.C.,61761,5210.032,5373.888685679965
12/29/2020 23:15:00,EST,N.Y.C.,61761,5183.6675,5355.603970299306
12/29/2020 23:20:00,EST,N.Y.C.,61761,5157.0576,5333.220837546585
12/29/2020 23:25:00,EST,N.Y.C.,61761,5129.0845,5281.021712242295
12/29/2020 23:30:00,EST,N.Y.C.,61761,5126.1973,5255.6490715012915
12/29/2020 23:35:00,EST,N.Y.C.,61761,5090.7876,5243.6756663776905
12/29/2020 23:40:00,EST,N.Y.C.,61761,5076.3745,5224.861627481139
12/29/2020 23:45:00,EST,N.Y.C.,61761,5055.6475,5204.009958545832
12/29/2020 23:50:00,EST,N.Y.C.,61761,5027.8403,5196.4332341474255
12/29/2020 23:55:00,EST,N.Y.C.,61761,5023.831,5195.262952910334
12/30/2020 00:00:00,EST,N.Y.C.,61761,4991.011,5012.4064918763925
12/30/2020 00:05:00,EST,N.Y.C.,61761,4961.9165,5002.237628137113
12/30/2020 00:10:00,EST,N.Y.C.,61761,4930.445,4995.864908195912
12/30/2020 00:15:00,EST,N.Y.C.,61761,4920.7646,5017.692125041107
12/30/2020 00:20:00,EST,N.Y.C.,61761,4872.9575,4985.415690924818
12/30/2020 00:25:00,EST,N.Y.C.,61761,4899.545,4959.832133726391
12/30/2020 00:30:00,EST,N.Y.C.,61761,4857.6367,4947.967303631244
12/30/2020 00:35:00,EST,N.Y.C.,61761,4871.0454,4960.068137116894
12/30/2020 00:40:00,EST,N.Y.C.,61761,4837.8555,4936.664744910306
12/30/2020 00:45:00,EST,N.Y.C.,61761,4810.9336,4909.51744570423
12/30/2020 00:50:00,EST,N.Y.C.,61761,4794.752,4927.827633214019
12/30/2020 00:55:00,EST,N.Y.C.,61761,4758.662,4930.719602435325
12/30/2020 01:00:00,EST,N.Y.C.,61761,4756.962,5012.656009017543
12/30/2020 01:05:00,EST,N.Y.C.,61761,4732.7734,5002.487145278263
12/30/2020 01:10:00,EST,N.Y.C.,61761,4726.9004,4996.844960378077
12/30/2020 01:15:00,EST,N.Y.C.,61761,4705.1123,5018.515572008753
12/30/2020 01:20:00,EST,N.Y.C.,61761,4712.8877,4986.550435231888
12/30/2020 01:25:00,EST,N.Y.C.,61761,4674.5234,4959.229701704353
12/30/2020 01:30:00,EST,N.Y.C.,61761,4681.3936,4947.335905710512
12/30/2020 01:35:00,EST,N.Y.C.,61761,4666.216,4958.02682376206
12/30/2020 01:40:00,EST,N.Y.C.,61761,4646.7993,4933.597233739639
12/30/2020 01:45:00,EST,N.Y.C.,61761,4643.227,4908.407373333487
12/30/2020 01:50:00,EST,N.Y.C.,61761,4632.0356,4926.104417607268
12/30/2020 01:55:00,EST,N.Y.C.,61761,4624.3047,4928.768977045294
12/30/2020 02:00:00,EST,N.Y.C.,61761,4628.362,4799.26334367024
12/30/2020 02:05:00,EST,N.Y.C.,61761,4586.2188,4788.617044494722
12/30/2020 02:10:00,EST,N.Y.C.,61761,4597.116,4783.279889986432
12/30/2020 02:15:00,EST,N.Y.C.,61761,4609.2554,4808.224556215055
12/30/2020 02:20:00,EST,N.Y.C.,61761,4568.3843,4784.334338483795
12/30/2020 02:25:00,EST,N.Y.C.,61761,4577.0503,4762.213388046578
12/30/2020 02:30:00,EST,N.Y.C.,61761,4565.693,4754.212357629085
12/30/2020 02:35:00,EST,N.Y.C.,61761,4570.125,4763.134840700253
12/30/2020 02:40:00,EST,N.Y.C.,61761,4518.5522,4751.522938674409
12/30/2020 02:45:00,EST,N.Y.C.,61761,4535.553,4739.086102226635
12/30/2020 02:50:00,EST,N.Y.C.,61761,4539.878,4759.540874322505
12/30/2020 02:55:00,EST,N.Y.C.,61761,4553.6094,4761.947603748925
12/30/2020 03:00:00,EST,N.Y.C.,61761,4525.1875,4713.828650317397
12/30/2020 03:05:00,EST,N.Y.C.,61761,4505.406,4701.2141010130745
12/30/2020 03:10:00,EST,N.Y.C.,61761,4516.6484,4700.7265550465545
12/30/2020 03:15:00,EST,N.Y.C.,61761,4514.994,4727.509554480332
12/30/2020 03:20:00,EST,N.Y.C.,61761,4535.3975,4700.2865147626
12/30/2020 03:25:00,EST,N.Y.C.,61761,4506.5215,4690.812909738166
12/30/2020 03:30:00,EST,N.Y.C.,61761,4516.8003,4686.446337722276
12/30/2020 03:35:00,EST,N.Y.C.,61761,4524.794,4697.785894490369
12/30/2020 03:40:00,EST,N.Y.C.,61761,4492.1147,4688.753610103002
12/30/2020 03:45:00,EST,N.Y.C.,61761,4495.8906,4678.4529358955915
12/30/2020 03:50:00,EST,N.Y.C.,61761,4503.0205,4701.922479486913
12/30/2020 03:55:00,EST,N.Y.C.,61761,4498.083,4704.937915962251
12/30/2020 04:00:00,EST,N.Y.C.,61761,4505.5474,4668.053016294713
12/30/2020 04:05:00,EST,N.Y.C.,61761,4503.1123,4655.414039555524
12/30/2020 04:10:00,EST,N.Y.C.,61761,4495.343,4658.728376329496
12/30/2020 04:15:00,EST,N.Y.C.,61761,4519.1885,4688.555920319573
12/30/2020 04:20:00,EST,N.Y.C.,61761,4496.9893,4672.219812515509
12/30/2020 04:25:00,EST,N.Y.C.,61761,4499.333,4670.632702311934
12/30/2020 04:30:00,EST,N.Y.C.,61761,4513.046,4670.998968933678
12/30/2020 04:35:00,EST,N.Y.C.,61761,4513.913,4690.552981853433
12/30/2020 04:40:00,EST,N.Y.C.,61761,4539.218,4686.271290948016
12/30/2020 04:45:00,EST,N.Y.C.,61761,4521.246,4674.188508840896
12/30/2020 04:50:00,EST,N.Y.C.,61761,4523.979,4698.076870806727
12/30/2020 04:55:00,EST,N.Y.C.,61761,4535.0063,4701.092307282065
12/30/2020 05:00:00,EST,N.Y.C.,61761,4530.7383,4799.3680938111465
12/30/2020 05:05:00,EST,N.Y.C.,61761,4532.0693,4787.711771504735
12/30/2020 05:10:00,EST,N.Y.C.,61761,4588.2324,4800.15211185565
12/30/2020 05:15:00,EST,N.Y.C.,61761,4613.7144,4842.339338364157
12/30/2020 05:20:00,EST,N.Y.C.,61761,4625.456,4843.061093134304
12/30/2020 05:25:00,EST,N.Y.C.,61761,4660.544,4859.369154756345
12/30/2020 05:30:00,EST,N.Y.C.,61761,4677.9277,4863.0686920318385
12/30/2020 05:35:00,EST,N.Y.C.,61761,4693.7617,4887.683339009922
12/30/2020 05:40:00,EST,N.Y.C.,61761,4713.7617,4894.530622996701
12/30/2020 05:45:00,EST,N.Y.C.,61761,4755.452,4875.662188336369
12/30/2020 05:50:00,EST,N.Y.C.,61761,4755.749,4887.389100260227
12/30/2020 05:55:00,EST,N.Y.C.,61761,4731.1953,4890.641672085498
12/30/2020 06:00:00,EST,N.Y.C.,61761,4803.614,5012.645673876563
12/30/2020 06:05:00,EST,N.Y.C.,61761,4804.7656,5009.427199053824
12/30/2020 06:10:00,EST,N.Y.C.,61761,4870.135,5019.035503468367
12/30/2020 06:15:00,EST,N.Y.C.,61761,4912.402,5041.947266032661
12/30/2020 06:20:00,EST,N.Y.C.,61761,4922.497,5056.414343098753
12/30/2020 06:25:00,EST,N.Y.C.,61761,4958.873,5079.245761427948
12/30/2020 06:30:00,EST,N.Y.C.,61761,4973.0146,5075.957021738235
12/30/2020 06:35:00,EST,N.Y.C.,61761,4998.839,5101.725419627699
12/30/2020 06:40:00,EST,N.Y.C.,61761,5027.8423,5129.527778867183
12/30/2020 06:45:00,EST,N.Y.C.,61761,5050.121,5131.5513164219865
12/30/2020 06:50:00,EST,N.Y.C.,61761,5079.2256,5142.515907997082
12/30/2020 06:55:00,EST,N.Y.C.,61761,5111.9707,5145.771770525703
12/30/2020 07:00:00,EST,N.Y.C.,61761,5153.9736,5320.200234778581
12/30/2020 07:05:00,EST,N.Y.C.,61761,5153.751,5316.981759955841
12/30/2020 07:10:00,EST,N.Y.C.,61761,5234.335,5326.676731257155
12/30/2020 07:15:00,EST,N.Y.C.,61761,5231.7773,5350.631420897027
12/30/2020 07:20:00,EST,N.Y.C.,61761,5265.2046,5370.246220981744
12/30/2020 07:25:00,EST,N.Y.C.,61761,5306.223,5393.635913777736
12/30/2020 07:30:00,EST,N.Y.C.,61761,5310.495,5400.949310602609
12/30/2020 07:35:00,EST,N.Y.C.,61761,5318.043,5420.296546081223
12/30/2020 07:40:00,EST,N.Y.C.,61761,5375.587,5444.775213576777
12/30/2020 07:45:00,EST,N.Y.C.,61761,5392.6895,5472.779432986954
12/30/2020 07:50:00,EST,N.Y.C.,61761,5389.376,5482.499442227361
12/30/2020 07:55:00,EST,N.Y.C.,61761,5432.485,5486.463384289327
12/30/2020 08:00:00,EST,N.Y.C.,61761,5462.998,5577.574442104877
12/30/2020 08:05:00,EST,N.Y.C.,61761,5493.0874,5573.949177145521
12/30/2020 08:10:00,EST,N.Y.C.,61761,5555.247,5579.149828017229
12/30/2020 08:15:00,EST,N.Y.C.,61761,5599.135,5601.71094969472
12/30/2020 08:20:00,EST,N.Y.C.,61761,5587.295,5622.157184701024
12/30/2020 08:25:00,EST,N.Y.C.,61761,5585.798,5645.74914845358
12/30/2020 08:30:00,EST,N.Y.C.,61761,5613.242,5656.715708583884
12/30/2020 08:35:00,EST,N.Y.C.,61761,5658.389,5677.756990858868
12/30/2020 08:40:00,EST,N.Y.C.,61761,5648.838,5696.7642655948675
12/30/2020 08:45:00,EST,N.Y.C.,61761,5660.904,5720.653169921552
12/30/2020 08:50:00,EST,N.Y.C.,61761,5663.4707,5730.346247757421
12/30/2020 08:55:00,EST,N.Y.C.,61761,5688.419,5734.440672597819
12/30/2020 09:00:00,EST,N.Y.C.,61761,5718.8516,5720.71189041095
12/30/2020 09:05:00,EST,N.Y.C.,61761,5762.168,5717.086625451595
12/30/2020 09:10:00,EST,N.Y.C.,61761,5798.215,5722.451778234221
12/30/2020 09:15:00,EST,N.Y.C.,61761,5801.3843,5742.783890922759
12/30/2020 09:20:00,EST,N.Y.C.,61761,5812.7007,5763.222892347394
12/30/2020 09:24:26,EST,N.Y.C.,61761,5821.824,
12/30/2020 09:25:00,EST,N.Y.C.,61761,5821.044,5783.178214673224
12/30/2020 09:26:14,EST,N.Y.C.,61761,5799.793,
12/30/2020 09:30:00,EST,N.Y.C.,61761,5805.277,5789.427503608536
12/30/2020 09:35:00,EST,N.Y.C.,61761,5844.5063,5807.259909716198
12/30/2020 09:40:00,EST,N.Y.C.,61761,5821.956,5823.079206960796
12/30/2020 09:45:00,EST,N.Y.C.,61761,5796.0356,5845.743063661654
12/30/2020 09:50:00,EST,N.Y.C.,61761,5816.5728,5822.282237415595
12/30/2020 09:55:00,EST,N.Y.C.,61761,5815.7114,5826.777529487899
12/30/2020 10:00:00,EST,N.Y.C.,61761,5827.7354,5822.748897296831
12/30/2020 10:05:00,EST,N.Y.C.,61761,5830.38,5819.123632337476
12/30/2020 10:10:00,EST,N.Y.C.,61761,5854.2646,5825.006737055299
12/30/2020 10:15:00,EST,N.Y.C.,61761,5854.63,5845.393259623041
12/30/2020 10:20:00,EST,N.Y.C.,61761,5872.3745,5863.316951522815
12/30/2020 10:25:00,EST,N.Y.C.,61761,5840.628,5880.966390430225
12/30/2020 10:30:00,EST,N.Y.C.,61761,5870.614,5887.084584222546
12/30/2020 10:35:00,EST,N.Y.C.,61761,5870.3867,5903.96338501058
12/30/2020 10:40:00,EST,N.Y.C.,61761,5855.125,5912.64309081455
12/30/2020 10:45:00,EST,N.Y.C.,61761,5888.525,5923.723526340556
12/30/2020 10:50:00,EST,N.Y.C.,61761,5855.8145,5901.162822564047
12/30/2020 10:55:00,EST,N.Y.C.,61761,5863.7676,5906.705678143728
12/30/2020 11:00:00,EST,N.Y.C.,61761,5867.749,5857.046030386602
12/30/2020 11:05:00,EST,N.Y.C.,61761,5877.3184,5852.953754188427
12/30/2020 11:10:00,EST,N.Y.C.,61761,5888.1655,5857.152874316342
12/30/2020 11:15:00,EST,N.Y.C.,61761,5892.6807,5870.9232412909005
12/30/2020 11:20:00,EST,N.Y.C.,61761,5914.216,5880.201010469596
12/30/2020 11:25:00,EST,N.Y.C.,61761,5913.4004,5897.786343977674
12/30/2020 11:30:00,EST,N.Y.C.,61761,5899.7695,5896.766211748034
12/30/2020 11:35:00,EST,N.Y.C.,61761,5888.2324,5906.814345745022
12/30/2020 11:40:00,EST,N.Y.C.,61761,5891.138,5911.155211292606
12/30/2020 11:45:00,EST,N.Y.C.,61761,5912.1455,5918.546563696886
12/30/2020 11:50:00,EST,N.Y.C.,61761,5890.791,5889.777972096839
12/30/2020 11:55:00,EST,N.Y.C.,61761,5912.951,5889.311788493993
12/30/2020 12:00:00,EST,N.Y.C.,61761,5924.056,5895.2984634522545
12/30/2020 12:05:00,EST,N.Y.C.,61761,5946.8516,5893.584379525864
12/30/2020 12:10:00,EST,N.Y.C.,61761,5938.202,5888.466635596418
12/30/2020 12:15:00,EST,N.Y.C.,61761,5966.3135,5884.170276991212
12/30/2020 12:20:00,EST,N.Y.C.,61761,5975.5835,5889.4338254904105
12/30/2020 12:25:00,EST,N.Y.C.,61761,5970.3027,5872.705426823319
12/30/2020 12:30:00,EST,N.Y.C.,61761,5949.308,5867.505925985635
12/30/2020 12:35:00,EST,N.Y.C.,61761,5904.1816,5872.9946200590475
12/30/2020 12:40:00,EST,N.Y.C.,61761,5893.189,5864.694066950216
12/30/2020 12:45:00,EST,N.Y.C.,61761,5899.903,5866.304717545441
12/30/2020 12:50:00,EST,N.Y.C.,61761,5925.4434,5853.930366330987
12/30/2020 12:55:00,EST,N.Y.C.,61761,5924.249,5854.416305924873
12/30/2020 13:00:00,EST,N.Y.C.,61761,5926.8213,5883.282453702224
12/30/2020 13:05:00,EST,N.Y.C.,61761,5929.12,5877.716131411897
12/30/2020 13:10:00,EST,N.Y.C.,61761,5941.625,5869.874163706236
12/30/2020 13:15:00,EST,N.Y.C.,61761,5946.6475,5844.08634310764
12/30/2020 13:20:00,EST,N.Y.C.,61761,5915.8984,5858.603734031683
12/30/2020 13:25:00,EST,N.Y.C.,61761,5950.9307,5858.250690208721
12/30/2020 13:30:00,EST,N.Y.C.,61761,5930.1914,5857.53643564103
12/30/2020 13:35:00,EST,N.Y.C.,61761,5929.628,5871.763828820474
12/30/2020 13:40:00,EST,N.Y.C.,61761,5922.7646,5871.0656949175755
12/30/2020 13:45:00,EST,N.Y.C.,61761,5958.8477,5871.192849770125
12/30/2020 13:50:00,EST,N.Y.C.,61761,5935.2256,5882.972686777695
12/30/2020 13:55:00,EST,N.Y.C.,61761,5922.1914,5887.935939859079
12/30/2020 14:00:00,EST,N.Y.C.,61761,5922.493,5857.7681026044465
12/30/2020 14:05:00,EST,N.Y.C.,61761,5955.098,5852.992110173929
12/30/2020 14:10:00,EST,N.Y.C.,61761,5922.639,5845.15014246827
12/30/2020 14:15:00,EST,N.Y.C.,61761,5921.16,5824.109965745663
12/30/2020 14:20:00,EST,N.Y.C.,61761,5920.9087,5844.451591136678
12/30/2020 14:25:00,EST,N.Y.C.,61761,5929.47,5850.775119308246
12/30/2020 14:30:00,EST,N.Y.C.,61761,5903.057,5856.14102475039
12/30/2020 14:35:00,EST,N.Y.C.,61761,5930.2524,5868.484583356227
12/30/2020 14:40:00,EST,N.Y.C.,61761,5926.092,5868.634330762894
12/30/2020 14:45:00,EST,N.Y.C.,61761,5942.621,5879.70737874511
12/30/2020 14:50:00,EST,N.Y.C.,61761,5935.796,5891.571327650074
12/30/2020 14:55:00,EST,N.Y.C.,61761,5925.469,5893.77127543739
12/30/2020 15:00:00,EST,N.Y.C.,61761,5937.9575,5866.746488610292
12/30/2020 15:05:00,EST,N.Y.C.,61761,5913.706,5861.970496179774
12/30/2020 15:10:00,EST,N.Y.C.,61761,5941.2524,5854.566017680958
12/30/2020 15:15:00,EST,N.Y.C.,61761,5907.0723,5834.230068744144
12/30/2020 15:20:00,EST,N.Y.C.,61761,5931.593,5855.206480350911
12/30/2020 15:25:00,EST,N.Y.C.,61761,5935.2393,5863.114067768311
12/30/2020 15:30:00,EST,N.Y.C.,61761,5940.5596,5872.439867164498
12/30/2020 15:35:00,EST,N.Y.C.,61761,5932.8125,5885.011199534165
12/30/2020 15:40:00,EST,N.Y.C.,61761,5956.7266,5886.878111903761
12/30/2020 15:45:00,EST,N.Y.C.,61761,5948.55,5900.350313187053
12/30/2020 15:50:00,EST,N.Y.C.,61761,5929.815,5910.123770240638
12/30/2020 15:55:00,EST,N.Y.C.,61761,5937.5,5912.417424642055
12/30/2020 16:00:00,EST,N.Y.C.,61761,5926.908,5956.734525536447
12/30/2020 16:05:00,EST,N.Y.C.,61761,5949.9287,5954.423647946074
12/30/2020 16:10:00,EST,N.Y.C.,61761,5950.758,5949.190233608231
12/30/2020 16:15:00,EST,N.Y.C.,61761,5949.132,5933.44949224853
12/30/2020 16:20:00,EST,N.Y.C.,61761,5976.2095,5955.666984739564
12/30/2020 16:25:00,EST,N.Y.C.,61761,5983.92,5965.065761374173
12/30/2020 16:30:00,EST,N.Y.C.,61761,5988.867,5975.941247281566
12/30/2020 16:35:00,EST,N.Y.C.,61761,6015.792,5991.680370256967
12/30/2020 16:40:00,EST,N.Y.C.,61761,6057.1777,5994.462349410607
12/30/2020 16:45:00,EST,N.Y.C.,61761,6074.786,6005.789362694162
12/30/2020 16:50:00,EST,N.Y.C.,61761,6069.7275,6010.632089594399
12/30/2020 16:55:00,EST,N.Y.C.,61761,6108.5293,6012.925743995816
12/30/2020 17:00:00,EST,N.Y.C.,61761,6128.799,6149.754891039183
12/30/2020 17:05:00,EST,N.Y.C.,61761,6182.549,6147.115202633609
12/30/2020 17:10:00,EST,N.Y.C.,61761,6158.1377,6135.909845865999
12/30/2020 17:15:00,EST,N.Y.C.,61761,6187.398,6120.965118146147
12/30/2020 17:20:00,EST,N.Y.C.,61761,6178.8096,6139.300774160069
12/30/2020 17:25:00,EST,N.Y.C.,61761,6175.148,6122.658563942965
12/30/2020 17:30:00,EST,N.Y.C.,61761,6203.1772,6123.977284083188
12/30/2020 17:35:00,EST,N.Y.C.,61761,6226.869,6134.0628091179715
12/30/2020 17:40:00,EST,N.Y.C.,61761,6212.8984,6139.484772749769
12/30/2020 17:45:00,EST,N.Y.C.,61761,6197.4717,6142.026114005983
12/30/2020 17:50:00,EST,N.Y.C.,61761,6225.365,6131.120491823398
12/30/2020 17:55:00,EST,N.Y.C.,61761,6212.04,6129.867961994858
12/30/2020 18:00:00,EST,N.Y.C.,61761,6206.1436,6149.0107854041635
12/30/2020 18:05:00,EST,N.Y.C.,61761,6198.747,6146.095059550935
12/30/2020 18:10:00,EST,N.Y.C.,61761,6159.705,6130.942801791745
12/30/2020 18:15:00,EST,N.Y.C.,61761,6132.9834,6113.08490414735
12/30/2020 18:20:00,EST,N.Y.C.,61761,6093.9062,6121.473585290269
12/30/2020 18:25:00,EST,N.Y.C.,61761,6093.6143,6096.727083427506
12/30/2020 18:30:00,EST,N.Y.C.,61761,6087.172,6092.149531296778
12/30/2020 18:35:00,EST,N.Y.C.,61761,6059.0557,6091.653081184999
12/30/2020 18:40:00,EST,N.Y.C.,61761,6069.8623,6096.567990227537
12/30/2020 18:45:00,EST,N.Y.C.,61761,6041.49,6084.619598195166
12/30/2020 18:50:00,EST,N.Y.C.,61761,6055.5273,6072.935492189716
12/30/2020 18:55:00,EST,N.Y.C.,61761,6038.997,6068.681981767484
12/30/2020 19:00:00,EST,N.Y.C.,61761,6053.616,6060.613236468975
12/30/2020 19:05:00,EST,N.Y.C.,61761,6016.7944,6057.697510615746
12/30/2020 19:10:00,EST,N.Y.C.,61761,6006.3315,6041.036763906501
12/30/2020 19:15:00,EST,N.Y.C.,61761,6014.9043,6039.79148499312
12/30/2020 19:20:00,EST,N.Y.C.,61761,5955.919,6042.327716649417
12/30/2020 19:25:00,EST,N.Y.C.,61761,5974.551,6009.345360256788
12/30/2020 19:30:00,EST,N.Y.C.,61761,5963.742,5999.414184875828
12/30/2020 19:35:00,EST,N.Y.C.,61761,5949.29,5991.210290671221
12/30/2020 19:40:00,EST,N.Y.C.,61761,5934.9707,5988.288364931277
12/30/2020 19:42:32,EST,N.Y.C.,61761,5943.2207,
12/30/2020 19:44:02,EST,N.Y.C.,61761,5917.9746,
12/30/2020 19:45:00,EST,N.Y.C.,61761,5922.447,5976.449708632441
12/30/2020 19:50:00,EST,N.Y.C.,61761,5935.1714,5959.871845577591
12/30/2020 19:55:00,EST,N.Y.C.,61761,5908.4385,5956.991156641834
12/30/2020 20:00:00,EST,N.Y.C.,61761,5882.838,5944.237357939566
12/30/2020 20:05:00,EST,N.Y.C.,61761,5856.727,5941.190813869836
12/30/2020 20:10:00,EST,N.Y.C.,61761,5835.3906,5920.635189585808
12/30/2020 20:15:00,EST,N.Y.C.,61761,5812.638,5914.808196368935
12/30/2020 20:20:00,EST,N.Y.C.,61761,5798.4336,5905.652361804639
12/30/2020 20:25:00,EST,N.Y.C.,61761,5769.4814,5868.915243401203
12/30/2020 20:30:00,EST,N.Y.C.,61761,5771.53,5857.683341846428
12/30/2020 20:35:00,EST,N.Y.C.,61761,,5849.180701529887
